,OBJECTID,STN_NAME,STN_NO,X,Y,Latitude,Longitude,COLOR,IS_TERMINUS,WEEKDAY_SAT_INC_START_TIME,SUN_INC_START_TIME,INC_END_TIME,WEEKDAY_SAT_DEC_START_TIME,SUN_DEC_START_TIME,DEC_END_TIME,LINE,NUMBER,CONNECTION_ID,NEXT_STATION_NUMBER,PREV_STATION_NUMBER,MAX_CAPACITY,MIN_CAPACITY
0,12,ADMIRALTY MRT STATION,NS10,-10,41,1.440585001,103.8009982,RED,FALSE,0,0,0,0,0,0,NS,10,12,11,09,5155.321428571428,89.0
1,16,ALJUNIED MRT STATION,EW09,12,-1,1.316432612,103.882893,GREEN,FALSE,0,0,0,0,0,0,EW,09,16,10,08,2037.7142857142858,10.892857142857142
2,33,ANG MO KIO MRT STATION,NS16,3,17,1.369933175,103.8495535,RED,FALSE,0,0,0,0,0,0,NS,16,33,17,15,4617.464285714285,90.07142857142857
3,81,BAKAU LRT STATION,SE03,18,23,1.388092704,103.9054179,OTHERS,FALSE,0,0,0,0,0,0,SE,03,81,04,02,380.75,5.142857142857143
4,80,BANGKIT LRT STATION,BP09,-18,21,1.380017897,103.7726667,OTHERS,FALSE,0,0,0,0,0,0,BP,09,80,10,08,263.0,0.03571428571428571
5,153,BARTLEY MRT STATION,CC12,11,8,1.342828338,103.8797462,YELLOW,FALSE,0,0,0,0,0,0,CC,12,153,13,11,1102.3214285714287,2.6785714285714284
6,115,BAYFRONT MRT STATION,CE01,6,-12,1.281873788,103.8590733,OTHERS,FALSE,0,0,0,0,0,0,CE,01,115,02,-1,1817.392857142857,7.0
7,115,BAYFRONT MRT STATION,DT16,6,-12,1.281873788,103.8590733,BLUE,FALSE,0,0,0,0,0,0,DT,16,115,17,15,1817.392857142857,7.0
8,140,BEAUTY WORLD MRT STATION,DT05,-17,8,1.341223176,103.77581,BLUE,FALSE ,0,0,0,0,0,0,DT,05,140,06,03,1274.0357142857142,7.607142857142857
9,37,BEDOK MRT STATION,EW05,25,2,1.323979969,103.9299587,GREEN,FALSE ,0,0,0,0,0,0,EW,05,37,06,04,3309.964285714286,27.142857142857142
10,143,BEDOK NORTH MRT STATION,DT29,22,5,1.334742117,103.9179554,BLUE,FALSE,0,0,0,0,0,0,DT,29,143,30,28,805.1071428571429,8.464285714285714
11,149,BEDOK RESERVOIR MRT STATION,DT30,25,6,1.33660783,103.9322077,BLUE,FALSE,0,0,0,0,0,0,DT,30,149,31,29,891.3928571428571,6.821428571428571
12,100,BENCOOLEN MRT STATION,DT21,3,-7,1.29886427,103.8503799,BLUE,FALSE,0,0,0,0,0,0,DT,21,100,22,20,644.7857142857143,0.42857142857142855
13,99,BENDEMEER MRT STATION,DT23,7,-2,1.313672233,103.8629702,BLUE,FALSE,0,0,0,0,0,0,DT,23,99,24,22,546.7142857142857,0.32142857142857145
14,109,BISHAN MRT STATION,CC15,3,11,1.35130868,103.84915,YELLOW,FALSE,0,0,0,0,0,0,CC,15,109,16,14,4530.071428571428,25.321428571428573
15,158,BISHAN MRT STATION,NS17,3,11,1.350838988,103.8481398,RED,FALSE,0,0,0,0,0,0,NS,17,109,18,16,4530.071428571428,25.321428571428573
16,178,BOON KENG MRT STATION,NE09,6,0,1.319395706,103.861679,PURPLE,FALSE,0,0,0,0,0,0,NE,09,178,10,08,2151.3214285714284,7.392857142857143
17,34,BOON LAY MRT STATION,EW27,-36,7,1.338604054,103.7060994,GREEN,FALSE,0,0,0,0,0,0,EW,27,34,28,26,5554.25,52.5
18,185,BOTANIC GARDENS MRT STATION,CC19,-6,1,1.322110193,103.8149876,YELLOW,FALSE,0,0,0,0,0,0,CC,19,159,20,17,570.0,3.0
19,159,BOTANIC GARDENS MRT STATION,DT09,-6,1,1.322423979,103.8161362,BLUE,FALSE,0,0,0,0,0,0,DT,09,159,10,08,570.0,3.0
20,182,BRADDELL MRT STATION,NS18,2,7,1.340471684,103.8467942,RED,FALSE ,0,0,0,0,0,0,NS,18,182,19,17,1367.2142857142858,14.607142857142858
21,93,BRAS BASAH MRT STATION,CC02,3,-7,1.296861687,103.8506629,YELLOW,FALSE,0,0,0,0,0,0,CC,02,93,03,01,542.9285714285714,0.35714285714285715
22,183,BUANGKOK MRT STATION,NE15,15,22,1.382877858,103.8931042,PURPLE,FALSE ,0,0,0,0,0,0,NE,15,183,16,14,1858.0714285714287,16.821428571428573
23,103,BUGIS MRT STATION,DT14,5,-6,1.299550746,103.8568623,BLUE,FALSE ,0,0,0,0,0,0,DT,14,103,15,13,4134.642857142857,16.392857142857142
24,111,BUGIS MRT STATION,EW12,5,-6,1.300465076,103.8557007,GREEN,FALSE ,0,0,0,0,0,0,EW,12,103,13,11,4134.642857142857,16.392857142857142
25,32,BUKIT BATOK MRT STATION,NS02,-24,10,1.349034109,103.74959,RED,FALSE,0,0,0,0,0,0,NS,02,32,03,01,3306.75,37.0
26,35,BUKIT GOMBAK MRT STATION,NS03,-23,13,1.358761857,103.7519164,RED,FALSE,0,0,0,0,0,0,NS,03,35,04,02,2247.25,27.464285714285715
27,47,BUKIT PANJANG LRT STATION,BP06,-20,20,1.377909898,103.763034,OTHERS,TRUE,610,648,2820,598,636,2834,BP,06,47,07,05,4471.178571428572,45.285714285714285
28,171,BUKIT PANJANG MRT STATION,DT01,-21,20,1.379002117,103.7615559,BLUE,TRUE,660,664,2830,0,0,0,DT,01,171,02,-1,4471.178571428572,45.285714285714285
29,124,BUONA VISTA MRT STATION,CC22,-13,-4,1.306491669,103.7906645,YELLOW,FALSE,0,0,0,0,0,0,CC,22,28,23,21,2890.464285714286,10.785714285714286
30,28,BUONA VISTA MRT STATION,EW21,-13,-4,1.307183467,103.7902028,GREEN,FALSE,0,0,0,0,0,0,EW,21,28,22,20,2890.464285714286,10.785714285714286
31,127,CALDECOTT MRT STATION,CC17,0,6,1.337674508,103.8395281,YELLOW,FALSE,0,0,0,0,0,0,CC,17,127,19,16,866.6785714285714,6.321428571428571
32,192,CANBERRA MRT STATION,NS12,-2,42,1.4431,103.8297,RED,FALSE,0,0,0,0,0,0,NS,12,192,13,11,1720.3214285714287,27.821428571428573
33,172,CASHEW MRT STATION,DT02,-20,17,1.369369831,103.764714,BLUE,FALSE,0,0,0,0,0,0,DT,02,172,03,01,479.9642857142857,0.9642857142857143
34,180,CHANGI AIRPORT MRT STATION,CG02,41,13,1.357314545,103.9883212,OTHERS,FALSE,0,0,0,0,0,0,CG,02,180,-1,01,1086.0714285714287,1.9285714285714286
35,70,CHENG LIM LRT STATION,SW01,15,26,1.396277631,103.8937792,OTHERS,FALSE,0,0,0,0,0,0,SW,01,70,02,00,246.57142857142858,1.7142857142857142
36,132,CHINATOWN MRT STATION,DT19,2,-11,1.284748969,103.8444484,BLUE,FALSE,0,0,0,0,0,0,DT,19,131,20,18,4177.464285714285,8.25
37,131,CHINATOWN MRT STATION,NE04,1,-11,1.284359578,103.8434242,PURPLE,FALSE,0,0,0,0,0,0,NE,04,131,05,03,4177.464285714285,8.25
38,2,CHINESE GARDEN MRT STATION,EW25,-28,8,1.342352821,103.7326244,GREEN,FALSE,0,0,0,0,0,0,EW,25,2,26,24,1294.5357142857142,12.0
39,65,CHOA CHU KANG LRT STATION,BP01,-25,22,1.38483636,103.7445797,OTHERS,TRUE,626,664,2820,0,0,0,BP,01,65,02,-1,4404.535714285715,55.357142857142854
40,19,CHOA CHU KANG MRT STATION,NS04,-25,22,1.385361693,103.744367,RED,FALSE,0,0,0,0,0,0,NS,04,19,05,03,4404.535714285715,55.357142857142854
41,95,CITY HALL MRT STATION,EW13,4,-9,1.292936243,103.852581,GREEN,FALSE,0,0,0,0,0,0,EW,13,95,14,12,3476.5,5.642857142857143
42,95,CITY HALL MRT STATION,NS25,4,-9,1.292936243,103.852581,RED,FALSE,0,0,0,0,0,0,NS,25,95,26,24,3476.5,5.642857142857143
43,157,CLARKE QUAY MRT STATION,NE05,2,-10,1.288386024,103.8465519,PURPLE,FALSE,0,0,0,0,0,0,NE,05,157,06,04,1162.9642857142858,1.5357142857142858
44,15,CLEMENTI MRT STATION,EW23,-20,-1,1.314954492,103.7653168,GREEN,FALSE,0,0,0,0,0,0,EW,23,15,24,22,5095.071428571428,19.357142857142858
45,8,COMMONWEALTH MRT STATION,EW20,-11,-5,1.302438735,103.7983136,GREEN,FALSE,0,0,0,0,0,0,EW,20,8,21,19,1395.5,5.107142857142857
46,83,COMPASSVALE LRT STATION,SE01,17,25,1.394493046,103.9004726,OTHERS,FALSE,0,0,0,0,0,0,SE,01,83,02,00,720.0357142857143,6.464285714285714
47,55,CORAL EDGE LRT STATION,PE03,20,25,1.393909226,103.9125574,OTHERS,FALSE,0,0,0,0,0,0,PE,03,55,04,02,583.9285714285714,7.785714285714286
48,59,COVE LRT STATION,PE01,18,27,1.399281985,103.9059403,OTHERS,FALSE,0,0,0,0,0,0,PE,01,59,02,00,427.67857142857144,6.285714285714286
49,154,DAKOTA MRT STATION,CC08,14,-3,1.30838264,103.888648,YELLOW,FALSE,0,0,0,0,0,0,CC,08,154,09,07,1107.5714285714287,6.464285714285714
50,58,DAMAI LRT STATION,PE07,19,29,1.405234836,103.9085809,OTHERS,FALSE,0,0,0,0,0,0,PE,07,58,0,06,520.5714285714286,5.5
51,165,DHOBY GHAUT MRT STATION,CC01,2,-7,1.298842816,103.8462358,YELLOW,TRUE,674,730,2856,0,0,0,CC,01,144,02,-1,2706.035714285714,7.321428571428571
52,164,DHOBY GHAUT MRT STATION,NE06,2,-6,1.299705459,103.8454851,PURPLE,FALSE,0,0,0,0,0,0,NE,06,144,07,05,2706.035714285714,7.321428571428571
53,144,DHOBY GHAUT MRT STATION,NS24,2,-7,1.298701307,103.8461119,RED,FALSE,0,0,0,0,0,0,NS,24,144,25,23,2706.035714285714,7.321428571428571
54,29,DOVER MRT STATION,EW22,-16,-2,1.311405293,103.7786522,GREEN,FALSE,0,0,0,0,0,0,EW,22,29,23,21,1582.142857142857,2.4285714285714284
55,123,DOWNTOWN MRT STATION,DT17,4,-13,1.27944619,103.8528356,BLUE,FALSE,0,0,0,0,0,0,DT,17,123,18,16,1889.857142857143,0.5357142857142857
56,125,ESPLANADE MRT STATION,CC03,5,-8,1.293321608,103.8554985,YELLOW,FALSE,0,0,0,0,0,0,CC,03,125,04,02,641.0,0.2857142857142857
57,1,EUNOS MRT STATION,EW07,18,0,1.319778952,103.9032339,GREEN,FALSE,0,0,0,0,0,0,EW,07,1,08,06,1490.642857142857,12.0
58,18,EXPO MRT STATION,CG01,33,5,1.334549778,103.9615134,OTHERS,TRUE,646,700,2866,0,0,0,CG,01,18,02,-1,1489.642857142857,2.857142857142857
59,122,EXPO MRT STATION,DT35,34,6,1.335382137,103.9623407,BLUE,TRUE,0,0,0,672,708,2840,DT,35,18,-1,34,1489.642857142857,2.857142857142857
60,48,FAJAR LRT STATION,BP10,-18,22,1.384520796,103.7708268,OTHERS,FALSE,0,0,0,0,0,0,BP,10,48,11,09,451.17857142857144,21.821428571428573
61,44,FARMWAY LRT STATION,SW02,14,26,1.397170196,103.8892882,OTHERS,FALSE,0,0,0,0,0,0,SW,02,44,03,01,381.42857142857144,2.892857142857143
62,151,FARRER PARK MRT STATION,NE08,4,-2,1.31235984,103.8541717,PURPLE,FALSE,0,0,0,0,0,0,NE,08,151,09,07,2143.785714285714,5.178571428571429
63,121,FARRER ROAD MRT STATION,CC20,-8,0,1.317510612,103.8075929,YELLOW,FALSE,0,0,0,0,0,0,CC,20,121,21,19,648.3928571428571,2.142857142857143
64,73,FERNVALE LRT STATION,SW05,10,25,1.391885888,103.8762959,OTHERS,FALSE,0,0,0,0,0,0,SW,05,73,06,04,773.4642857142857,13.428571428571429
65,120,FORT CANNING MRT STATION,DT20,2,-9,1.292478928,103.8443255,BLUE,FALSE,0,0,0,0,0,0,DT,20,120,21,19,466.5,0.6428571428571429
66,98,GEYLANG BAHRU MRT STATION,DT24,9,1,1.321505838,103.8718904,BLUE,FALSE,0,0,0,0,0,0,DT,24,98,25,23,552.6785714285714,4.5
67,23,GUL CIRCLE MRT STATION,EW30,-48,0,1.319505215,103.6605988,GREEN,FALSE,0,0,0,0,0,0,EW,30,23,31,29,805.6785714285714,2.0357142857142856
68,101,HARBOURFRONT MRT STATION,CC29,-4,-18,1.26547264,103.821446,YELLOW,TRUE,0,0,0,660,702,2766,CC,29,101,-1,28,3901.5,3.892857142857143
69,101,HARBOURFRONT MRT STATION,NE01,-4,-18,1.26547264,103.821446,PURPLE,TRUE,698,740,2872,0,0,0,NE,01,101,03,-1,3901.5,3.892857142857143
70,161,HAW PAR VILLA MRT STATION,CC25,-15,-12,1.282542157,103.7818234,YELLOW,FALSE,0,0,0,0,0,0,CC,25,161,26,24,735.3214285714286,2.5357142857142856
71,136,HILLVIEW MRT STATION,DT03,-19,15,1.362344869,103.7674369,BLUE,FALSE,0,0,0,0,0,0,DT,03,136,05,02,739.8928571428571,3.857142857142857
72,187,HOLLAND VILLAGE MRT STATION,CC21,-11,-2,1.31183479,103.7962016,YELLOW,FALSE,0,0,0,0,0,0,CC,21,187,22,20,696.8214285714286,4.357142857142857
73,177,HOUGANG MRT STATION,NE14,15,18,1.371292292,103.8923636,PURPLE,FALSE,0,0,0,0,0,0,NE,14,177,15,13,3058.3571428571427,27.75
74,114,JALAN BESAR MRT STATION,DT22,5,-4,1.305403642,103.8554713,BLUE,FALSE,0,0,0,0,0,0,DT,22,114,23,21,709.3214285714286,2.75
75,62,JELAPANG LRT STATION,BP12,-20,23,1.386703025,103.7645235,OTHERS,FALSE,0,0,0,0,0,0,BP,12,62,13,11,562.2142857142857,9.571428571428571
76,38,JOO KOON MRT STATION,EW29,-43,3,1.327717173,103.6784167,GREEN,FALSE,0,0,0,0,0,0,EW,29,38,30,28,2982.6785714285716,3.4642857142857144
77,20,JURONG EAST MRT STATION,EW24,-26,5,1.33315262,103.7423112,GREEN,FALSE,0,0,0,0,0,0,EW,24,20,25,23,8116.642857142857,50.285714285714285
78,20,JURONG EAST MRT STATION,NS01,-26,5,1.33315262,103.7423112,RED,TRUE,632,670,2732,0,0,0,NS,01,20,02,-1,8116.642857142857,50.285714285714285
79,54,KADALOOR LRT STATION,PE05,21,27,1.399584853,103.9164619,OTHERS,FALSE,0,0,0,0,0,0,PE,05,54,06,04,763.4285714285714,9.75
80,141,KAKI BUKIT MRT STATION,DT28,19,5,1.334967302,103.9084393,BLUE,FALSE,0,0,0,0,0,0,DT,28,141,29,27,1304.607142857143,7.714285714285714
81,26,KALLANG MRT STATION,EW10,9,-2,1.31148891,103.8713766,GREEN,FALSE,0,0,0,0,0,0,EW,10,26,11,09,1039.9642857142858,7.535714285714286
82,68,KANGKAR LRT STATION,SE04,17,22,1.383978902,103.9021539,OTHERS,FALSE,0,0,0,0,0,0,SE,04,68,05,03,307.17857142857144,5.107142857142857
83,57,KEAT HONG LRT STATION,BP03,-24,20,1.378602766,103.7490799,OTHERS,FALSE,0,0,0,0,0,0,BP,03,57,04,02,528.25,0.07142857142857142
84,31,KEMBANGAN MRT STATION,EW06,20,1,1.321038249,103.9129282,GREEN,FALSE,0,0,0,0,0,0,EW,06,31,07,05,1058.392857142857,4.142857142857143
85,104,KENT RIDGE MRT STATION,CC24,-14,-8,1.293462633,103.7846438,YELLOW,FALSE,0,0,0,0,0,0,CC,24,104,25,23,2119.1785714285716,1.7857142857142858
86,3,KHATIB MRT STATION,NS14,-1,33,1.41738337,103.83298,RED,FALSE,0,0,0,0,0,0,NS,14,3,15,13,3610.9285714285716,62.82142857142857
87,137,KING ALBERT PARK MRT STATION,DT06,-15,6,1.335665121,103.7838201,BLUE,FALSE,0,0,0,0,0,0,DT,06,137,07,05,730.9642857142857,2.142857142857143
88,119,KOVAN MRT STATION,NE13,13,14,1.360179171,103.8850503,PURPLE,FALSE,0,0,0,0,0,0,NE,13,119,14,12,1882.25,15.107142857142858
89,4,KRANJI MRT STATION,NS07,-20,36,1.425177699,103.7621874,RED,FALSE,0,0,0,0,0,0,NS,07,4,08,05,1919.4642857142858,44.5
90,45,KUPANG LRT STATION,SW03,12,27,1.398212828,103.881242,OTHERS,FALSE,0,0,0,0,0,0,SW,03,45,04,02,377.0,4.178571428571429
91,130,LABRADOR PARK MRT STATION,CC27,-9,-15,1.272332732,103.8029471,YELLOW,FALSE,0,0,0,0,0,0,CC,27,130,28,26,958.6428571428571,1.4642857142857142
92,39,LAKESIDE MRT STATION,EW26,-32,9,1.344259249,103.7209802,GREEN,FALSE,0,0,0,0,0,0,EW,26,39,27,25,4215.571428571428,39.714285714285715
93,163,LAVENDER MRT STATION,EW11,7,-4,1.30735702,103.8628215,GREEN,FALSE,0,0,0,0,0,0,EW,11,163,12,10,1611.2142857142858,6.107142857142857
94,67,LAYAR LRT STATION,SW06,11,25,1.392079839,103.8800158,OTHERS,FALSE,0,0,0,0,0,0,SW,06,67,07,05,595.3571428571429,5.428571428571429
95,168,LITTLE INDIA MRT STATION,DT12,3,-4,1.303916484,103.8524167,BLUE,FALSE,0,0,0,0,0,0,DT,12,168,13,11,1986.2857142857142,6.857142857142857
96,169,LITTLE INDIA MRT STATION,NE07,3,-4,1.307198223,103.8485807,PURPLE,FALSE,0,0,0,0,0,0,NE,07,168,08,06,1986.2857142857142,6.857142857142857
97,162,LORONG CHUAN MRT STATION,CC14,7,11,1.351612171,103.8641434,YELLOW,FALSE,0,0,0,0,0,0,CC,14,162,15,13,1117.7142857142858,5.142857142857143
98,94,MACPHERSON MRT STATION,CC10,14,3,1.326345372,103.8902718,YELLOW,FALSE,0,0,0,0,0,0,CC,10,94,11,09,1898.9285714285713,10.607142857142858
99,105,MACPHERSON MRT STATION,DT26,14,3,1.326076883,103.8893356,BLUE,FALSE,0,0,0,0,0,0,DT,26,94,27,25,1898.9285714285713,10.607142857142858
100,129,MARINA BAY MRT STATION,CE02,5,-14,1.276150637,103.8550886,OTHERS,FALSE,0,0,0,0,0,0,CE,02,128,-1,01,535.6428571428571,1.1428571428571428
101,128,MARINA BAY MRT STATION,NS27,4,-14,1.276427355,103.8545925,RED,FALSE,0,0,0,0,0,0,NS,27,128,28,26,535.6428571428571,1.1428571428571428
102,150,MARINA SOUTH PIER MRT STATION,NS28,7,-16,1.271336711,103.8628525,RED,TRUE,0,0,0,742,796,2856,NS,28,150,-1,27,122.78571428571429,0.25
103,36,MARSILING MRT STATION,NS08,-17,38,1.432514421,103.77409,RED,FALSE,0,0,0,0,0,0,NS,08,36,09,07,2470.964285714286,43.57142857142857
104,160,MARYMOUNT MRT STATION,CC16,0,10,1.348707263,103.8394214,YELLOW,FALSE,0,0,0,0,0,0,CC,16,160,17,15,1346.0357142857142,4.535714285714286
105,138,MATTAR MRT STATION,DT25,12,3,1.326876715,103.8832341,BLUE,FALSE,0,0,0,0,0,0,DT,25,138,26,24,491.32142857142856,2.892857142857143
106,69,MERIDIAN LRT STATION,PE02,19,26,1.396912053,103.9089277,OTHERS,FALSE,0,0,0,0,0,0,PE,02,69,03,01,710.4642857142857,9.535714285714286
107,118,MOUNTBATTEN MRT STATION,CC07,12,-4,1.306201905,103.8825153,YELLOW,FALSE,0,0,0,0,0,0,CC,07,118,08,06,787.7857142857143,5.714285714285714
108,133,NEWTON MRT STATION,DT11,0,-2,1.313607102,103.8378098,BLUE,FALSE,0,0,0,0,0,0,DT,11,133,12,10,5012.357142857143,23.821428571428573
109,191,NEWTON MRT STATION,NS21,0,-2,1.3123201,103.8379841,RED,FALSE,0,0,0,0,0,0,NS,21,133,22,20,5012.357142857143,23.821428571428573
110,52,NIBONG LRT STATION,PW05,17,31,1.411870458,103.9002935,OTHERS,FALSE,0,0,0,0,0,0,PW,05,52,06,04,455.2142857142857,8.107142857142858
111,126,NICOLL HIGHWAY MRT STATION,CC05,7,-6,1.299766835,103.8636292,YELLOW,FALSE,0,0,0,0,0,0,CC,05,126,06,04,486.60714285714283,1.0357142857142858
112,147,NOVENA MRT STATION,NS20,2,1,1.320440791,103.8438228,RED,FALSE,0,0,0,0,0,0,NS,20,147,21,19,3202.464285714286,4.75
113,42,OASIS LRT STATION,PE06,20,28,1.402286677,103.9127036,OTHERS,FALSE,0,0,0,0,0,0,PE,06,42,07,05,592.4642857142857,6.607142857142857
114,108,ONE-NORTH MRT STATION,CC23,-14,-6,1.299759879,103.7874693,YELLOW,FALSE,0,0,0,0,0,0,CC,23,108,24,22,1560.5714285714287,1.8214285714285714
115,113,ORCHARD MRT STATION,NS22,-2,-5,1.303981012,103.8322417,RED,FALSE,0,0,0,0,0,0,NS,22,113,23,21,4305.678571428572,8.142857142857142
116,188,OUTRAM PARK MRT STATION,EW16,0,-12,1.279764543,103.8395732,GREEN,FALSE,0,0,0,0,0,0,EW,16,156,17,15,2728.214285714286,5.785714285714286
117,156,OUTRAM PARK MRT STATION,NE03,0,-13,1.28140498,103.839125,PURPLE,FALSE,0,0,0,0,0,0,NE,03,156,04,01,2728.214285714286,5.785714285714286
118,155,PASIR PANJANG MRT STATION,CC26,-13,-14,1.276213523,103.7913607,YELLOW,FALSE,0,0,0,0,0,0,CC,26,155,27,25,653.5357142857143,1.5357142857142858
119,14,PASIR RIS MRT STATION,EW01,30,18,1.372983774,103.9492348,GREEN,TRUE,656,708,2806,0,0,0,EW,01,14,02,-1,2829.3571428571427,37.714285714285715
120,152,PAYA LEBAR MRT STATION,CC09,15,0,1.317430268,103.8921633,YELLOW,FALSE,0,0,0,0,0,0,CC,09,9,10,08,4521.785714285715,16.142857142857142
121,9,PAYA LEBAR MRT STATION,EW08,15,0,1.318112082,103.8930446,GREEN,FALSE,0,0,0,0,0,0,EW,08,9,09,07,4521.785714285715,16.142857142857142
122,76,PENDING LRT STATION,BP08,-18,19,1.376142883,103.7712881,OTHERS,FALSE,0,0,0,0,0,0,BP,08,76,09,07,300.7142857142857,9.642857142857142
123,63,PETIR LRT STATION,BP07,-19,20,1.377750334,103.7666882,OTHERS,FALSE,0,0,0,0,0,0,BP,07,63,08,06,221.75,4.107142857142857
124,90,PHOENIX LRT STATION,BP05,-22,20,1.378618844,103.7580559,OTHERS,FALSE,0,0,0,0,0,0,BP,05,90,06,04,254.92857142857142,7.785714285714286
125,7,PIONEER MRT STATION,EW28,-38,6,1.337586882,103.6973586,GREEN,FALSE,0,0,0,0,0,0,EW,28,7,29,27,3571.785714285714,40.535714285714285
126,176,POTONG PASIR MRT STATION,NE10,8,4,1.331379525,103.869046,PURPLE,FALSE,0,0,0,0,0,0,NE,10,176,11,09,1801.142857142857,6.107142857142857
127,184,PROMENADE MRT STATION,CC04,6,-8,1.293218051,103.8609921,YELLOW,FALSE,0,0,0,0,0,0,CC,04,102,05,03,1712.6785714285713,1.25
128,102,PROMENADE MRT STATION,DT15,6,-9,1.292891552,103.860846,BLUE,FALSE,0,0,0,0,0,0,DT,15,102,16,14,1712.6785714285713,1.25
129,106,PUNGGOL MRT STATION,NE17,17,29,1.404546728,103.902052,PURPLE,TRUE,0,0,0,684,724,2816,NE,17,106,-1,16,3780.035714285714,40.07142857142857
130,71,PUNGGOL POINT LRT STATION,PW03,19,33,1.41684852,103.9066284,OTHERS,FALSE,0,0,0,0,0,0,PW,03,71,04,02,173.60714285714286,1.0
131,21,QUEENSTOWN MRT STATION,EW19,-9,-8,1.294860933,103.8058913,GREEN,FALSE,0,0,0,0,0,0,EW,19,21,20,18,1659.2857142857142,7.214285714285714
132,186,RAFFLES PLACE MRT STATION,EW14,4,-12,1.284125611,103.8514572,GREEN,FALSE,0,0,0,0,0,0,EW,14,186,15,13,5193.25,5.75
133,186,RAFFLES PLACE MRT STATION,NS26,4,-12,1.284125611,103.8514572,RED,FALSE,0,0,0,0,0,0,NS,26,186,27,25,5193.25,5.75
134,89,RANGGUNG LRT STATION,SE05,16,22,1.384233561,103.897176,OTHERS,FALSE,0,0,0,0,0,0,SE,05,89,0,04,564.5357142857143,3.0714285714285716
135,5,REDHILL MRT STATION,EW18,-6,-10,1.289562726,103.8168209,GREEN,FALSE,0,0,0,0,0,0,EW,18,5,19,17,1897.857142857143,5.714285714285714
136,46,RENJONG LRT STATION,SW08,14,23,1.386723922,103.8905227,OTHERS,FALSE,0,0,0,0,0,0,SW,08,46,0,07,315.25,2.357142857142857
137,60,RIVIERA LRT STATION,PE04,21,25,1.394524496,103.9161415,OTHERS,FALSE,0,0,0,0,0,0,PE,04,60,05,03,186.85714285714286,2.142857142857143
138,167,ROCHOR MRT STATION,DT13,4,-5,1.306800025,103.8496427,BLUE,FALSE,0,0,0,0,0,0,DT,13,167,14,12,819.0357142857143,1.6071428571428572
139,82,RUMBIA LRT STATION,SE02,18,24,1.391468497,103.9059522,OTHERS,FALSE,0,0,0,0,0,0,SE,02,82,03,01,590.5,9.142857142857142
140,43,SAM KEE LRT STATION,PW01,18,30,1.409612685,103.9048099,OTHERS,FALSE,0,0,0,0,0,0,PW,01,43,02,00,110.46428571428571,0.2857142857142857
141,51,SAMUDERA LRT STATION,PW04,17,33,1.415901719,103.9021353,OTHERS,FALSE,0,0,0,0,0,0,PW,04,51,05,03,399.57142857142856,7.071428571428571
142,91,SEGAR LRT STATION,BP11,-18,23,1.387772131,103.7696171,OTHERS,FALSE,0,0,0,0,0,0,BP,11,91,12,10,516.7142857142857,14.535714285714286
143,30,SEMBAWANG MRT STATION,NS11,-5,44,1.449050821,103.8200504,RED,FALSE,0,0,0,0,0,0,NS,11,30,12,10,4647.714285714285,89.42857142857143
144,116,SENGKANG MRT STATION,NE16,16,24,1.391694626,103.8954664,PURPLE,FALSE,0,0,0,0,0,0,NE,16,116,17,15,4376.642857142857,37.035714285714285
145,61,SENJA LRT STATION,BP13,-20,21,1.382692296,103.7623879,OTHERS,FALSE,0,0,0,0,0,0,BP,13,61,6,12,166.21428571428572,3.5357142857142856
146,145,SERANGOON MRT STATION,CC13,9,11,1.350595256,103.8723572,YELLOW,FALSE,0,0,0,0,0,0,CC,13,145,14,12,5801.5,40.035714285714285
147,148,SERANGOON MRT STATION,NE12,10,10,1.349707875,103.8735637,PURPLE,FALSE,0,0,0,0,0,0,NE,12,145,13,11,5801.5,40.035714285714285
148,10,SIMEI MRT STATION,EW03,31,8,1.343202895,103.9533387,GREEN,FALSE,0,0,0,0,0,0,EW,03,10,04,02,1737.4285714285713,17.285714285714285
149,173,SIXTH AVENUE MRT STATION,DT07,-11,4,1.330786387,103.7972561,BLUE,FALSE,0,0,0,0,0,0,DT,07,173,08,06,541.7857142857143,0.8571428571428571
150,112,SOMERSET MRT STATION,NS23,0,-6,1.300260055,103.8390737,RED,FALSE,0,0,0,0,0,0,NS,23,112,24,22,2502.8571428571427,4.142857142857143
151,53,SOO TECK LRT STATION,PW07,16,29,1.405088585,103.8971904,OTHERS,FALSE,0,0,0,0,0,0,PW,07,53,0,06,380.0357142857143,4.5
152,66,SOUTH VIEW LRT STATION,BP02,-25,21,1.380298287,103.7453173,OTHERS,FALSE,0,0,0,0,0,0,BP,02,66,03,01,429.85714285714283,12.464285714285714
153,110,STADIUM MRT STATION,CC06,10,-5,1.30284063,103.8753395,YELLOW,FALSE,0,0,0,0,0,0,CC,06,110,07,05,842.8928571428571,1.8928571428571428
154,170,STEVENS MRT STATION,DT10,-3,0,1.320065557,103.8260263,BLUE,FALSE,0,0,0,0,0,0,DT,10,170,11,09,986.3928571428571,1.5714285714285714
155,72,SUMANG LRT STATION,PW06,16,30,1.408452426,103.8985387,OTHERS,FALSE,0,0,0,0,0,0,PW,06,72,07,05,149.14285714285714,1.6428571428571428
156,166,TAI SENG MRT STATION,CC11,14,6,1.335433322,103.88818,YELLOW,FALSE,0,0,0,0,0,0,CC,11,166,12,10,2282.535714285714,7.321428571428571
157,96,TAMPINES EAST MRT STATION,DT33,31,13,1.356191483,103.9546005,BLUE,FALSE,0,0,0,0,0,0,DT,33,96,34,32,1966.5714285714287,25.678571428571427
158,142,TAMPINES MRT STATION,DT32,28,12,1.355077429,103.9430298,BLUE,FALSE,0,0,0,0,0,0,DT,32,11,33,31,5738.857142857143,53.25
159,11,TAMPINES MRT STATION,EW02,29,12,1.353301356,103.9451175,GREEN,FALSE,0,0,0,0,0,0,EW,02,11,03,01,5738.857142857143,53.25
160,97,TAMPINES WEST MRT STATION,DT31,27,9,1.345515305,103.938408,BLUE,FALSE,0,0,0,0,0,0,DT,31,97,32,30,958.6428571428571,8.785714285714286
161,134,TAN KAH KEE MRT STATION,DT08,-8,2,1.325883209,103.8073292,BLUE,FALSE,0,0,0,0,0,0,DT,08,134,09,07,1210.642857142857,1.1071428571428572
162,40,TANAH MERAH MRT STATION,EW04,29,3,1.327187135,103.9463161,GREEN,FALSE,0,0,0,0,0,0,EW,04,40,05,03,1995.2857142857142,21.0
163,107,TANJONG PAGAR MRT STATION,EW15,2,-14,1.276521247,103.8458611,GREEN,FALSE,0,0,0,0,0,0,EW,15,107,16,14,3658.1785714285716,3.2857142857142856
164,64,TECK WHYE LRT STATION,BP04,-23,19,1.376684679,103.7537352,OTHERS,FALSE,0,0,0,0,0,0,BP,04,64,05,03,718.0,0.07142857142857142
165,190,TELOK AYER MRT STATION,DT18,3,-12,1.282289536,103.8482991,BLUE,FALSE,0,0,0,0,0,0,DT,18,190,19,17,1540.142857142857,0.21428571428571427
166,189,TELOK BLANGAH MRT STATION,CC28,-8,-16,1.270753211,103.8097544,YELLOW,FALSE,0,0,0,0,0,0,CC,28,189,29,27,383.5357142857143,1.7857142857142858
167,56,THANGGAM LRT STATION,SW04,10,26,1.397318155,103.8756226,OTHERS,FALSE,0,0,0,0,0,0,SW,04,56,05,03,246.14285714285714,2.4285714285714284
168,135,TIONG BAHRU MRT STATION,EW17,-3,-11,1.286193393,103.827021,GREEN,FALSE,0,0,0,0,0,0,EW,17,135,18,16,2670.3214285714284,5.75
169,174,TOA PAYOH MRT STATION,NS19,3,5,1.332628987,103.8474979,RED,FALSE,0,0,0,0,0,0,NS,19,174,20,18,3633.8928571428573,29.892857142857142
170,74,TONGKANG LRT STATION,SW07,13,24,1.389347953,103.8858287,OTHERS,FALSE,0,0,0,0,0,0,SW,07,74,08,06,317.7142857142857,3.9285714285714284
171,25,TUAS CRESCENT MRT STATION,EW31,-51,1,1.321026553,103.6491245,GREEN,FALSE,0,0,0,0,0,0,EW,31,25,32,30,816.5357142857143,1.6428571428571428
172,22,TUAS LINK MRT STATION,EW33,-54,7,1.340463766,103.6369324,GREEN,TRUE,0,0,0,638,698,2798,EW,33,22,-1,32,485.39285714285717,4.464285714285714
173,27,TUAS WEST ROAD MRT STATION,EW32,-53,4,1.329989089,103.6396662,GREEN,FALSE,0,0,0,0,0,0,EW,32,27,33,31,807.25,3.5357142857142856
174,139,UBI MRT STATION,DT27,17,4,1.329956826,103.8992348,BLUE,FALSE,0,0,0,0,0,0,DT,27,139,28,26,1043.392857142857,5.357142857142857
175,179,UPPER CHANGI MRT STATION,DT34,33,8,1.341737484,103.9614367,B,FALSELUE,0,0,0,0,0,0,DT,34,179,35,33,454.2142857142857,6.142857142857143
176,24,WOODLANDS MRT STATION,NS09,-14,40,1.436875128,103.7864999,RED,FALSE,0,0,0,0,0,0,NS,09,24,10,08,5608.785714285715,112.57142857142857
177,181,WOODLANDS MRT STATION,TE02,-13,39,1.436066981,103.7879451,BROWN,FALSE,0,0,0,0,0,0,TE,02,24,03,01,5608.785714285715,112.57142857142857
178,193,WOODLANDS NORTH MRT STATION,TE01,-14,43,1.4482,103.7851,BROWN,TRUE,672,712,2814,0,0,0,TE,01,193,02,-1,995.6428571428571,2.607142857142857
179,175,WOODLANDS SOUTH MRT STATION,TE03,-12,36,1.427259979,103.7938631,BROWN,FALSE,0,0,0,0,0,0,TE,03,175,04,02,1280.7857142857142,10.5
180,146,WOODLEIGH MRT STATION,NE11,9,7,1.339190046,103.8708081,PURPLE,FALSE,0,0,0,0,0,0,NE,11,146,12,10,867.5357142857143,1.8928571428571428
181,6,YEW TEE MRT STATION,NS05,-24,26,1.397535018,103.7474307,RED,FALSE,0,0,0,0,0,0,NS,05,6,07,04,3944.4285714285716,53.0
182,41,YIO CHU KANG MRT STATION,NS15,2,21,1.381756046,103.8449439,RED,FALSE,0,0,0,0,0,0,NS,15,41,16,14,3119.9285714285716,15.607142857142858
183,13,YISHUN MRT STATION,NS13,-1,37,1.429443081,103.8350045,RED,FALSE,0,0,0,0,0,0,NS,13,13,14,12,5615.821428571428,101.14285714285714
184,200,SPRINGLEAF MRT STATION,TE04,-69,-101,1.3974,103.8185,BROWN,FALSE,0,0,0,0,0,0,TE,04,200,05,03,391.4642857142857,1.6428571428571428
185,201,LENTOR MRT STATION,TE05,-69,-101,1.3855066,103.837438,BROWN,FALSE,0,0,0,0,0,0,TE,05,201,06,04,330.14285714285717,1.6428571428571428
186,202,MAYFLOWER MRT STATION,TE06,-69,-101,1.3714632,103.8365678,BROWN,FALSE,0,0,0,0,0,0,TE,06,202,07,05,1004.0,9.714285714285714
187,203,BRIGHT HILL MRT STATION,TE07,-69,-101,1.3632832,103.8328936,BROWN,FALSE,0,0,0,0,0,0,TE,07,203,08,06,593.5714285714286,1.7142857142857142
188,204,UPPER THOMSON MRT STATION,TE08,-69,-101,1.3544164,103.8328985,BROWN,FALSE,0,0,0,0,0,0,TE,08,204,09,07,707.5714285714286,1.75
189,205,CALDECOTT MRT STATION,TE09,0,6,1.337674508,103.8395281,BROWN,FALSE,0,0,0,0,0,0,TE,09,127,11,08,866.6785714285714,6.321428571428571
190,206,STEVENS MRT STATION,TE11,-3,0,1.320065557,103.8260263,BROWN,FALSE,0,0,0,0,0,0,TE,11,170,12,09,986.3928571428571,1.5714285714285714
191,207,NAPIER MRT STATION,TE12,-3,0,1.3067822,103.8189568,BROWN,FALSE,0,0,0,0,0,0,TE,12,207,13,11,366.7857142857143,0.17857142857142858
192,208,ORCHARD BOULEVARD MRT STATION,TE13,-3,0,1.3024222,103.8238685,BROWN,FALSE,0,0,0,0,0,0,TE,13,208,14,12,198.60714285714286,0.17857142857142858
193,209,ORCHARD MRT STATION,TE14,-2,-5,1.303981012,103.8322417,BROWN,FALSE ,0,0,0,0,0,0,TE,14,113,15,13,4305.678571428572,8.142857142857142
194,210,GREAT WORLD MRT STATION,TE15,-2,-5,1.2939482,103.8337208,BROWN,FALSE,0,0,0,0,0,0,TE,15,210,16,14,447.2142857142857,0.2857142857142857
195,211,HAVELOCK MRT STATION,TE16,-2,-5,1.2885052,103.8335858,BROWN,FALSE,0,0,0,0,0,0,TE,16,211,17,15,452.64285714285717,0.8214285714285714
196,212,OUTRAM PARK MRT STATION,TE17,-2,-5,1.2813296,103.8391376,BROWN,FALSE,0,0,0,0,0,0,TE,17,156,18,16,2728.214285714286,5.785714285714286
197,213,MAXWELL MRT STATION,TE18,-2,-5,1.2805333,103.8438837,BROWN,FALSE,0,0,0,0,0,0,TE,18,213,19,17,466.57142857142856,0.35714285714285715
198,214,SHENTON WAY MRT STATION,TE19,-2,-5,1.2777168,103.8503676,BROWN,FALSE,0,0,0,0,0,0,TE,19,214,20,18,618.3928571428571,0.21428571428571427
199,215,MARINA BAY MRT STATION,TE20,-2,-5,1.2747417,103.8553092,BROWN,FALSE,0,0,0,0,0,0,TE,20,128,22,19,535.6428571428571,1.1428571428571428
200,216,GARDENS BY THE BAY MRT STATION,TE22,-2,-5,1.2784873,103.8674547,BROWN,FALSE,0,0,0,0,0,0,TE,22,216,-1,20,151.82142857142858,0.07142857142857142
